{"Loss": -14.32900639340476, "_runtime": 294.62389636039734, "_step": 6427, "_timestamp": 1580284257.4101002}
