{"_timestamp": 1580741134.182055, "_runtime": 116.53480935096741, "_step": 4222, "Loss": -2.923754517937071}
