{"Loss": -2.231495355803646, "_step": 58, "_timestamp": 1580289743.8181403, "_runtime": 5.701057434082031}
