{"_step": 2469, "_runtime": 437.1466066837311, "_timestamp": 1580240069.9186192, "Loss": -77.476721265876}
