{"Loss": -1676.029785367042, "_runtime": 8.993200063705444, "_timestamp": 1578588100.7472677, "_step": 6}
