{"_step": 627, "_runtime": 16.46565294265747, "_timestamp": 1580285101.3683274, "Loss": -1.835576062675405}
