{"_timestamp": 1578573083.4024038, "_runtime": 701.4062256813049, "_step": 2049, "Loss": -9797.449571550058}
