{"_timestamp": 1578594612.972394, "Loss": -14.91618405394, "_step": 332, "_runtime": 248.6301305294037}
