{"_runtime": 19.420692443847656, "_step": 33, "_timestamp": 1580241055.3319266, "Loss": -87.60236442493454}
