{"_runtime": 17.642412662506104, "Loss": -2.29508813766372, "_timestamp": 1580289714.2823102, "_step": 1004}
