{"_step": 1279, "Loss": -81.46225609101478, "_timestamp": 1580237267.766725, "_runtime": 207.3300018310547}
