{"_timestamp": 1580741850.9739265, "Loss": -2.9185577143090122, "_runtime": 486.6570026874542, "_step": 7747}
