{"_runtime": 812.9962351322174, "_step": 4940, "Loss": -13.130660994759552, "_timestamp": 1578589517.9553566}
