{"_runtime": 260.0547208786011, "_step": 485, "_timestamp": 1578594257.648077, "Loss": -85.24489839771766}
