{"_runtime": 603.9828987121582, "_step": 3386, "_timestamp": 1580240851.752576, "Loss": -82.9866318121418}
