{"Loss": -2.9465805426364726, "_timestamp": 1580748353.3414648, "_step": 430, "_runtime": 13.913838863372803}
