{"_timestamp": 1578593403.2189167, "_step": 4553, "_runtime": 936.9397306442261, "Loss": -15.462938613920832}
