{"_runtime": 7.528264999389648, "Loss": -1.8398977660630023, "_step": 22, "_timestamp": 1580285033.9588614}
