{"Loss": -1.3925764271275567, "_step": 5394, "_runtime": 103.93367576599121, "_timestamp": 1580284406.296594}
