{"Loss": -15.436506877638916, "_timestamp": 1578593744.7888136, "_step": 2012, "_runtime": 308.0735878944397}
