{"_runtime": 40.18605041503906, "_timestamp": 1580285429.778624, "Loss": -1.8824805733700327, "_step": 1201}
