{"_runtime": 27.51114583015442, "_step": 39, "_timestamp": 1578590739.1826854, "Loss": -84.18562390958732}
