{"Loss": -6001.127554742609, "_step": 3, "_timestamp": 1578588121.950773, "_runtime": 9.203724384307861}
