{"_runtime": 12.428893566131592, "_timestamp": 1578588219.8387306, "Loss": -13.353793197062439, "_step": 16}
