{"_timestamp": 1580241978.0285418, "_runtime": 43.217819690704346, "Loss": -44.23658538491558, "_step": 272}
