{"_timestamp": 1578587894.6295002, "Loss": -8788.346582848464, "_runtime": 36.35317826271057, "_step": 3}
