{"_runtime": 22.474238395690918, "_step": 36, "Loss": -15.45601083236001, "_timestamp": 1578590673.125526}
