{"_runtime": 253.72242641448975, "_step": 9341, "_timestamp": 1580742124.112629, "Loss": -2.918568234109264}
