{"_runtime": 49.17417025566101, "_timestamp": 1580237360.5660968, "Loss": -81.34042154647037, "_step": 163}
