{"_runtime": 7.401116132736206, "_step": 34, "_timestamp": 1580284981.0930831, "Loss": -1.9751000283051796}
