{"_step": 99772, "_timestamp": 1580749611.2362275, "_runtime": 1187.0174825191498, "Loss": -2.9446389325797386}
