{"_runtime": 65.91356325149536, "_step": 523, "Loss": -15.447062783200044, "_timestamp": 1578568650.488523}
