{"_timestamp": 1580285352.0353053, "_runtime": 15.06467056274414, "Loss": -2.1492952841729656, "_step": 385}
