{"Loss": -158.6202043039493, "_step": 60, "_timestamp": 1578569147.2937884, "_runtime": 40.553725242614746}
