{"_runtime": 272.6738324165344, "Loss": -15.497700885967609, "_timestamp": 1578591032.564741, "_step": 2339}
