{"_runtime": 151.47988295555115, "_timestamp": 1580241426.0224361, "_step": 2422, "Loss": -24.272160032267987}
