{"Loss": -255.55232719635845, "_runtime": 60.57061457633972, "_step": 60, "_timestamp": 1578569312.7965345}
