{"_timestamp": 1580285576.9982073, "_runtime": 67.4842917919159, "_step": 1991, "Loss": -1.8854868057846161}
