{"Loss": -16.35846659748497, "_runtime": 67.11762070655823, "_step": 200, "_timestamp": 1578592439.5789354}
