{"_step": 4413, "_timestamp": 1580235621.4290044, "_runtime": 612.2840054035187, "Loss": -137.65385493734465}
