{"_runtime": 40.33515763282776, "_step": 3079, "Loss": -2.944597670241371, "_timestamp": 1580748409.2789195}
