{"_runtime": 4302.224508047104, "Loss": -2.9389113943767438, "_timestamp": 1580748304.1710045, "_step": 147510}
