{"_step": 343, "_timestamp": 1580241149.2246072, "Loss": -86.56639634896642, "_runtime": 73.31927227973938}
