{"_timestamp": 1580241697.0704343, "_step": 838, "Loss": -22.468213884331483, "_runtime": 58.177273988723755}
