{"_step": 0, "_timestamp": 1578568445.8825314, "_runtime": 6.374037265777588, "Loss": -15.447594653058195}
