{"_runtime": 171.782794713974, "_timestamp": 1580237548.82861, "Loss": -81.34241377249626, "_step": 1024}
