{"_timestamp": 1578568480.3713562, "_step": 159, "_runtime": 21.674987077713013, "Loss": -15.44800291650745}
