{"_runtime": 195.61631870269775, "Loss": -15.443203239342028, "_step": 1499, "_timestamp": 1578590085.824117}
