{"_timestamp": 1580580168.9860308, "Loss": -2.255185388770357, "_runtime": 17.456280946731567, "_step": 96}
