{"Loss": -157723.3293686768, "_runtime": 40.80122232437134, "_timestamp": 1580234579.0285528, "_step": 51}
