{"_runtime": 1103.0963921546936, "Loss": -9.204556178772041, "_step": 33819, "_timestamp": 1580289131.3012433}
