{"_step": 113, "Loss": -2.9355832837257134, "_timestamp": 1580740471.3286173, "_runtime": 10.326054573059082}
