{"_timestamp": 1580234704.971082, "_step": 227, "Loss": -1419.0167918055715, "_runtime": 50.15752935409546}
