{"_runtime": 118.10713386535645, "_step": 5430, "Loss": -2.4561664770359197, "_timestamp": 1580626699.1464596}
