{"_timestamp": 1578572347.007231, "_step": 18258, "Loss": -15.427940306139664, "_runtime": 2979.883701324463}
