{"_step": 802, "Loss": -136.84465439209393, "_runtime": 122.94419169425964, "_timestamp": 1580236148.2212017}
