{"_runtime": 124.06714200973511, "Loss": -707.671739089807, "_step": 736, "_timestamp": 1580240217.4167075}
