{"Loss": -7.393700410104519, "_runtime": 17.37486720085144, "_timestamp": 1580242066.1359594, "_step": 188}
