{"_step": 2039, "_runtime": 254.28921484947205, "_timestamp": 1578589866.1921954, "Loss": -15.482959180070585}
