{"_runtime": 15.207246541976929, "Loss": -89.56102240784517, "_timestamp": 1580241018.3799105, "_step": 42}
