{"_timestamp": 1578588675.604612, "_step": 2312, "_runtime": 379.9057774543762, "Loss": -13.288428791347007}
