{"Loss": -1.6048364429065145, "_runtime": 49.606786012649536, "_step": 2339, "_timestamp": 1580284886.305324}
