{"_timestamp": 1580284813.131434, "_step": 18961, "Loss": -2.0696684174002162, "_runtime": 365.59521102905273}
