{"Loss": -15.447594653058195, "_step": 0, "_timestamp": 1578568420.5864084, "_runtime": 6.804110765457153}
