{"_runtime": 911.5048203468323, "Loss": -58.56276285810786, "_timestamp": 1578591967.9768388, "_step": 5469}
