{"_timestamp": 1578595358.785195, "Loss": -14.534346553627433, "_runtime": 631.4941663742065, "_step": 1109}
