{"_step": 42, "_timestamp": 1580741349.0966947, "Loss": -2.9365061238659176, "_runtime": 9.180452108383179}
