{"_step": 34, "_timestamp": 1580626720.4360495, "_runtime": 7.806354284286499, "Loss": -2.2365297353604703}
