{"_timestamp": 1580234976.6644306, "Loss": -1266.168164894236, "_runtime": 172.44092869758606, "_step": 1016}
