{"_runtime": 15.02835464477539, "_timestamp": 1578588062.8341033, "_step": 24, "Loss": -9749.112792264652}
