{"_step": 104, "Loss": -2.2471073870705998, "_timestamp": 1580285208.5895154, "_runtime": 12.016429662704468}
