{"Loss": -4607.758179293764, "_runtime": 22.430938482284546, "_step": 40, "_timestamp": 1578587959.2598166}
