{"_runtime": 36.96783423423767, "_timestamp": 1580241243.5132887, "Loss": -20.298379527656078, "_step": 601}
