{"Loss": -15.437757664254534, "_timestamp": 1578590639.0840948, "_step": 4103, "_runtime": 472.95161056518555}
