{"_timestamp": 1578590149.6343997, "_step": 77, "Loss": -15.43663085478379, "_runtime": 31.097909927368164}
