{"Loss": -2.591595122150674, "_runtime": 29.5321044921875, "_step": 1936, "_timestamp": 1580289672.3182964}
