{"_runtime": 18.88253664970398, "_step": 509, "_timestamp": 1580285170.13203, "Loss": -2.133397034842826}
