{"Loss": -354.20995084366353, "_step": 13, "_timestamp": 1580239614.2468016, "_runtime": 12.106766939163208}
