{"_runtime": 8.41966438293457, "Loss": -1.8676134245147877, "_timestamp": 1580284931.4083061, "_step": 60}
