{"_step": 718, "Loss": -82.36230709838112, "_runtime": 111.70575332641602, "_timestamp": 1580237680.7893593}
