{"_timestamp": 1580285490.3901703, "_step": 609, "Loss": -2.0536982826599206, "_runtime": 25.646769523620605}
