{"_step": 840, "_timestamp": 1580236827.074304, "Loss": -82.18271222770146, "_runtime": 150.84060645103455}
