{"Loss": -17.91818874498137, "_runtime": 246.0516586303711, "_step": 1522, "_timestamp": 1578592265.16614}
