{"_timestamp": 1580242433.1091383, "_runtime": 197.45045924186707, "_step": 4439, "Loss": -20.095928862401156}
