{"_runtime": 677.677666425705, "Loss": -157703.9665303084, "_timestamp": 1578606969.8517456, "_step": 538}
