{"_runtime": 68.03637552261353, "_step": 2330, "Loss": -3.2802243934378135, "_timestamp": 1580741264.5268033}
