{"Loss": -3.073696306958673, "_step": 16, "_timestamp": 1580740453.9416046, "_runtime": 25.053532361984253}
